id;id_theme;theme
1;f0bca040-d57b-4be8-b7e3-c112772f9285;Tokelau hard drive Drive
2;06065ce5-b42f-420a-86a0-3690b191817f;solid state Small Yuan Renminbi
3;84d12376-fdd4-4c2f-9855-4267ae6408c2;District violet
4;525e0077-e0b9-477d-baf3-857abfd45d0a;Frozen intuitive
5;2efae144-9a4b-4537-8cf4-3782f3b9652a;global Slovenia
6;57864edd-fe13-4df4-be65-553381eeb1f6;payment Metrics Burundi
7;e33e7f2d-f1ac-4d71-8cba-829b52cf0cab;Buckinghamshire Creative
8;9569b26e-091f-4b86-813e-c43c0be9220a;Zimbabwe Credit Card Account
9;ec73015b-ca69-40c3-995d-f58210cee76a;Knolls
10;ad0690c1-5519-40a6-8f71-329a0fed8230;array
